{
  "weights": [
    -0.3268065715937453,
    0.29838002407069486,
    -0.32273719900770126,
    -0.2571361633417992,
    -0.2571361633417992,
    -0.09591856475692707
  ],
  "bias": -0.12211204091917281,
  "means": [
    0.0027785957862903198,
    0.5296216959096945,
    7.95248532124843e-05,
    6.404114390755328e-08,
    6.404114390755328e-08,
    3.508063879160776e-07
  ],
  "scales": [
    0.0028352310142897344,
    0.33030141797289864,
    0.00393338424731541,
    0.00018321131458889274,
    0.00018321131458889274,
    0.0005339385266153722
  ]
}